<start>
	<files>
		<separator>
		</separator>
		<file name="PSPad source code editor">
			<path>&#x25;pdrive&#x25;\PortableApps\pspad\PSPad.exe</path>
			<directory>LISTINGS</directory>
			<description>PSPad source code editor</description>
			<runcount>4</runcount>
			<rundate>2019/04/17 23:41:10</rundate>
		</file>
		<file name="Hexadecimal file editor">
			<path>&#x25;pdrive&#x25;\PortableApps\HEXEdit.exe</path>
			<directory>LISTINGS</directory>
			<description>Hexadecimal file editor</description>
			<runcount>2</runcount>
			<rundate>2019/04/19 22:16:38</rundate>
		</file>
		<file name="SHARP programs (Source code, images)">
			<path>LISTINGS</path>
			<description>SHARP programs (Source code, images)</description>
			<runcount>9</runcount>
			<rundate>2019/09/09 22:48:29</rundate>
		</file>
		<files name="Convert text or binary files to wave files">
			<icon>PStart\Mart-Glaze-Binary.ico</icon>
			<file name="Convert utf-8 BASIC source code to a wave file">
				<path>Scripts.win\BasUwav.cmd</path>
				<parameters>?</parameters>
				<description>Convert utf-8 BASIC source code to a wave file</description>
			</file>
			<file name="Convert a SHARP binary to a WAVe file for CLOAD M">
				<path>Scripts.win\MC2Wav.cmd</path>
				<parameters>?</parameters>
				<description>Convert a SHARP binary to a WAVe file for CLOAD M</description>
				<runcount>3</runcount>
				<rundate>2019/04/07 00:42:57</rundate>
			</file>
		</files>
		<file name="Convert SHARP BASic source to WAVe file for CLOAD">
			<path>bas2wav.cmd</path>
			<parameters>?</parameters>
			<description>Convert SHARP BASic source to WAVe file for CLOAD</description>
			<icon>PStart\mmsys3.ico</icon>
			<runcount>9</runcount>
			<rundate>2019/09/09 21:03:19</rundate>
		</file>
		<separator>
		</separator>
		<file name="Audio control panel">
			<path>&#x25;system&#x25;\mmsys.cpl</path>
			<icon>PStart\mmsys.ico</icon>
			<runcount>2</runcount>
			<rundate>2019/09/09 22:45:42</rundate>
		</file>
		<file name="Audacity">
			<path>&#x25;windows&#x25;\..\Program Files (x86)\Audacity\audacity.exe</path>
			<parameters>Audacity.aup</parameters>
			<directory>WAV</directory>
			<description>Audacity</description>
			<runcount>9</runcount>
			<rundate>2019/04/08 23:15:48</rundate>
		</file>
		<file name="Wave files for Sharp Pocket Computers">
			<path>WAV</path>
			<description>Wave files for Sharp Pocket Computers</description>
			<runcount>11</runcount>
			<rundate>2019/09/09 22:48:34</rundate>
		</file>
		<files name="Convert wave files to text or binary files">
			<icon>PStart\Oxygen-Icons.org-Oxygen-Mimetypes-audio-x-wav.ico</icon>
			<file name="Convert Wave file to BASIC file with Utf8 characters">
				<path>Scripts.win\WavUbas.cmd</path>
				<parameters>?</parameters>
				<description>Convert Wave file to BASIC file with Utf8 characters</description>
			</file>
			<file name="Convert wave file from PC-E500 series to BASIC file">
				<path>Scripts.win\WavEbas.cmd</path>
				<parameters>?</parameters>
				<description>Convert wave file from PC-E500 series to BASIC file</description>
			</file>
		</files>
		<file name="Convert a WAV file from CSAVE to Sharp BASIC source">
			<path>wav2bas.cmd</path>
			<parameters>?</parameters>
			<description>Convert a WAV file from CSAVE to Sharp BASIC source</description>
			<icon>PStart\mmcndmgr_search.ico</icon>
			<runcount>2</runcount>
			<rundate>2019/04/05 22:28:07</rundate>
		</file>
		<separator>
		</separator>
		<file name="Other scripts, also for drag and drop">
			<path>Scripts.win</path>
			<description>Other scripts, also for drag and drop</description>
			<runcount>6</runcount>
			<rundate>2019/09/09 22:50:41</rundate>
		</file>
		<file name="Pocket Tools Console">
			<path>&#x25;system&#x25;\cmd.exe</path>
			<parameters>/T:70 /K PTCON</parameters>
			<directory>.</directory>
			<description>Pocket Tools Console</description>
			<runcount>23</runcount>
			<rundate>2019/09/09 23:07:53</rundate>
		</file>
		<file name="Edit SHARP SETtings">
			<path>&#x25;windows&#x25;\notepad.exe</path>
			<parameters>SHARPSET.BAT</parameters>
			<directory>.</directory>
			<description>Edit settings in SHARPSET</description>
			<runcount>21</runcount>
			<rundate>2019/09/09 22:37:54</rundate>
		</file>
		<file name="Pocket Tools Help (ReadMe)">
			<path>&#x25;system&#x25;\cmd.exe</path>
			<parameters> /T:F0 /K PHELP</parameters>
			<directory>.</directory>
			<description>Pocket Tools Help</description>
			<icon>PStart\Oxygen-Icons.org-Oxygen-Actions-help-about.ico</icon>
			<runcount>35</runcount>
			<rundate>2019/09/09 22:49:24</rundate>
		</file>
		<separator>
		</separator>
		<file name="Manual">
			<path>Manual\Pocket_Tools_Manual.pdf</path>
			<description>Manual</description>
			<runcount>9</runcount>
			<rundate>2019/04/07 02:00:17</rundate>
		</file>
	</files>
	<notes>
	</notes>
	<colors>
		<color name="0">
			<value>A0A0FFh</value>
		</color>
		<color name="1">
			<value>A0C0FFh</value>
		</color>
		<color name="2">
			<value>A0FFFFh</value>
		</color>
		<color name="3">
			<value>A0FFA0h</value>
		</color>
		<color name="4">
			<value>FFA0A0h</value>
		</color>
	</colors>
	<configurationfile>
		<backupmode>pbmTemporary</backupmode>
	</configurationfile>
	<execution>
		<count>44</count>
		<overalltime>9:43:07.946</overalltime>
	</execution>
	<general>
		<executionaction>0</executionaction>
		<language>auto</language>
		<singleclick>False</singleclick>
	</general>
	<history>
		<usernames>
		</usernames>
	</history>
	<info>
		<visible>False</visible>
	</info>
	<menu>
		<hotkeysvisible>True</hotkeysvisible>
	</menu>
	<mouse>
		<sensors>
			<bottom>
				<leftaction>0</leftaction>
				<rightaction>0</rightaction>
			</bottom>
			<bottomleft>
				<leftaction>0</leftaction>
				<rightaction>0</rightaction>
			</bottomleft>
			<bottomright>
				<leftaction>0</leftaction>
				<rightaction>0</rightaction>
			</bottomright>
			<cornersize>12</cornersize>
			<left>
				<leftaction>0</leftaction>
				<rightaction>0</rightaction>
			</left>
			<monitor>1</monitor>
			<right>
				<leftaction>0</leftaction>
				<rightaction>0</rightaction>
			</right>
			<top>
				<leftaction>0</leftaction>
				<rightaction>0</rightaction>
			</top>
			<topleft>
				<leftaction>0</leftaction>
				<rightaction>0</rightaction>
			</topleft>
			<topright>
				<leftaction>0</leftaction>
				<rightaction>0</rightaction>
			</topright>
		</sensors>
	</mouse>
	<note>
		<alarm>
			<notify>
				<autoclose>False</autoclose>
				<duration>10</duration>
				<sound></sound>
			</notify>
			<recenttime>2019/04/05 17:44:27</recenttime>
		</alarm>
		<defaultcolor>A0FFFFh</defaultcolor>
		<style>0</style>
		<visible>False</visible>
		<wordbreak>1</wordbreak>
	</note>
	<panel>
		<closemode>0</closemode>
		<hotkey>True</hotkey>
		<hotkeyclose>True</hotkeyclose>
		<hotkeycode>18</hotkeycode>
		<hotkeymodifier>4</hotkeymodifier>
		<pageindex>0</pageindex>
		<position>0</position>
		<showonstartup>True</showonstartup>
		<staticsize>False</staticsize>
		<title>Pocket Tools for Sharp PCs</title>
	</panel>
	<search>
		<allusersstartmenu>True</allusersstartmenu>
		<colorize>True</colorize>
		<colors>
			<allusersstartmenu>0080FFh</allusersstartmenu>
			<currentuserstartmenu>40A000h</currentuserstartmenu>
			<pstart>FF4040h</pstart>
		</colors>
		<currentuserstartmenu>True</currentuserstartmenu>
		<includemode>0</includemode>
		<pstart>True</pstart>
		<sort>1</sort>
	</search>
	<style>
		<additionaltextcolor>534632h</additionaltextcolor>
		<backgroundimage>PStart\PStart.jpg</backgroundimage>
		<captioncolor>000000h</captioncolor>
		<iconsize>0</iconsize>
		<iteminfomode>1</iteminfomode>
	</style>
	<tray>
		<doubleclick>1</doubleclick>
		<hotkey>True</hotkey>
		<hotkeycode>18</hotkeycode>
		<hotkeymodifier>4</hotkeymodifier>
		<hover>0</hover>
		<iconimage>5</iconimage>
		<iconvisibility>0</iconvisibility>
		<leftclick>2</leftclick>
	</tray>
	<window>
		<main>
			<position>
				<x>470</x>
				<y>145</y>
			</position>
			<size>
				<x>437</x>
				<y>650</y>
			</size>
		</main>
	</window>
</start>
