<start>
	<files>
		<separator>
		</separator>
		<file name="PSPad Texteditor">
			<path>&#x25;pdrive&#x25;\PortableApps\pspad\PSPad.exe</path>
			<directory>LISTINGS</directory>
			<description>PSPad source code editor</description>
			<runcount>11</runcount>
			<rundate>2019/09/06 23:47:14</rundate>
		</file>
		<file name="Hexadezimaler Datei-Editor">
			<path>&#x25;pdrive&#x25;\PortableApps\HEXEdit.exe</path>
			<directory>LISTINGS</directory>
			<description>Hexadecimal file editor</description>
			<runcount>6</runcount>
			<rundate>2019/09/01 14:30:46</rundate>
		</file>
		<file name="Programme f&#xFC;r SHARP-PCs (BASIC-Quelltexte, Images)">
			<path>LISTINGS</path>
			<description>SHARP programs (Source code, images)</description>
			<runcount>30</runcount>
			<rundate>2019/09/03 18:29:56</rundate>
		</file>
		<files name="Text- oder Bin&#xE4;rdateien in Wave-Dateien konvertieren">
			<icon>PStart\Mart-Glaze-Binary.ico</icon>
			<file name="BASIC Utf-8-Quelltext in eine Wave-Datei konvertieren">
				<path>Scripts.win\BasUwav.cmd</path>
				<parameters>?</parameters>
				<description>Convert utf-8 BASIC source code to a wave file</description>
			</file>
			<file name="Bin&#xE4;rdatei f&#xFC;r SHARP-PCs in Wavedatei f&#xFC;r CLOAD M">
				<path>Scripts.win\MC2Wav.cmd</path>
				<parameters>?</parameters>
				<description>Convert a SHARP binary to a WAVe file for CLOAD M</description>
				<runcount>7</runcount>
				<rundate>2019/06/17 18:44:45</rundate>
			</file>
		</files>
		<file name="BASIC-Quelltext in Wave-Datei f&#xFC;r CLOAD umwandeln">
			<path>bas2wav.cmd</path>
			<parameters>?</parameters>
			<description>Convert SHARP BASic source to WAVe file for CLOAD</description>
			<icon>PStart\mmsys3.ico</icon>
			<runcount>41</runcount>
			<rundate>2019/09/06 23:41:10</rundate>
		</file>
		<separator>
		</separator>
		<file name="Audiosteuerungsfeld">
			<path>&#x25;system&#x25;\mmsys.cpl</path>
			<description>Audio control panel</description>
			<icon>PStart\mmsys.ico</icon>
			<runcount>20</runcount>
			<rundate>2019/09/09 22:45:50</rundate>
		</file>
		<file name="Audacity">
			<path>&#x25;windows&#x25;\..\Program Files (x86)\Audacity\audacity.exe</path>
			<parameters>Audacity.aup</parameters>
			<directory>WAV</directory>
			<description>Audacity</description>
			<runcount>74</runcount>
			<rundate>2019/09/09 23:01:52</rundate>
		</file>
		<file name="Wave-Dateien f&#xFC;r SHARP-PCs">
			<path>WAV</path>
			<description>Wave files for Sharp Pocket Computers</description>
			<runcount>29</runcount>
			<rundate>2019/09/06 15:24:14</rundate>
		</file>
		<files name="Wave-Dateien in Text- oder Bin&#xE4;rdateien konvertieren">
			<icon>PStart\Oxygen-Icons.org-Oxygen-Mimetypes-audio-x-wav.ico</icon>
			<file name="Wave-Datei in BASIC-Datei mit Utf8-Zeichen umwandeln">
				<path>Scripts.win\WavUbas.cmd</path>
				<parameters>?</parameters>
				<description>Convert Wave file to BASIC file with Utf8 characters</description>
				<runcount>4</runcount>
				<rundate>2019/09/06 15:10:27</rundate>
			</file>
			<file name="Wave-Datei von PC-E500 Serie in BASIC-Datei umwandeln">
				<path>Scripts.win\WavEbas.cmd</path>
				<parameters>?</parameters>
				<description>Convert wave file from PC-E500 series to BASIC file</description>
				<runcount>6</runcount>
				<rundate>2019/09/06 09:09:18</rundate>
			</file>
		</files>
		<file name="Wave-Datei von CSAVE in BASIC-Quelltext umwandeln">
			<path>wav2bas.cmd</path>
			<parameters>?</parameters>
			<description>Convert a WAV file from CSAVE to Sharp BASIC source</description>
			<icon>PStart\mmcndmgr_search.ico</icon>
			<runcount>106</runcount>
			<rundate>2019/09/06 15:43:16</rundate>
		</file>
		<separator>
		</separator>
		<file name="Weitere Skripte f&#xFC;r Konvertierungen, auch f&#xFC;r Drag und Drop">
			<path>Scripts.win</path>
			<description>Other scripts, also for drag and drop</description>
			<runcount>52</runcount>
			<rundate>2019/09/06 15:25:40</rundate>
		</file>
		<file name="Pocket Tools Console">
			<path>&#x25;system&#x25;\cmd.exe</path>
			<parameters>/T:70 /K PTCON</parameters>
			<directory>.</directory>
			<description>Pocket Tools Console</description>
			<runcount>54</runcount>
			<rundate>2019/09/09 23:07:24</rundate>
		</file>
		<file name="Einstellungen der Pocket Tools editieren">
			<path>&#x25;windows&#x25;\notepad.exe</path>
			<parameters>SHARPSET.BAT</parameters>
			<directory>.</directory>
			<description>Edit settings in SHARPSET</description>
			<runcount>92</runcount>
			<rundate>2019/09/06 23:40:57</rundate>
		</file>
		<file name="Hilfe (ReadMe)">
			<path>&#x25;system&#x25;\cmd.exe</path>
			<parameters> /T:F0 /K PHELP</parameters>
			<directory>.</directory>
			<description>Pocket Tools Help</description>
			<icon>PStart\Oxygen-Icons.org-Oxygen-Actions-help-about.ico</icon>
			<runcount>41</runcount>
			<rundate>2019/09/07 18:44:52</rundate>
		</file>
		<separator>
		</separator>
		<file name="Deutsches Handbuch">
			<path>Manual\Pocket_Tools_Handbuch.pdf</path>
			<description>Handbuch (german)</description>
			<runcount>36</runcount>
			<rundate>2019/08/31 18:55:49</rundate>
		</file>
		<file name="Englisches Handbuch">
			<path>Manual\Pocket_Tools_Manual.pdf</path>
			<description>Manual (English)</description>
			<runcount>10</runcount>
			<rundate>2019/07/02 18:31:41</rundate>
		</file>
	</files>
	<notes>
	</notes>
	<colors>
		<color name="0">
			<value>A0A0FFh</value>
		</color>
		<color name="1">
			<value>A0C0FFh</value>
		</color>
		<color name="2">
			<value>A0FFFFh</value>
		</color>
		<color name="3">
			<value>A0FFA0h</value>
		</color>
		<color name="4">
			<value>FFA0A0h</value>
		</color>
	</colors>
	<configurationfile>
		<backupmode>pbmTemporary</backupmode>
	</configurationfile>
	<execution>
		<count>113</count>
		<overalltime>265:33:23.569</overalltime>
	</execution>
	<general>
		<executionaction>0</executionaction>
		<language>auto</language>
		<singleclick>False</singleclick>
	</general>
	<history>
		<usernames>
		</usernames>
	</history>
	<info>
		<visible>False</visible>
	</info>
	<menu>
		<hotkeysvisible>True</hotkeysvisible>
	</menu>
	<mouse>
		<sensors>
			<bottom>
				<leftaction>0</leftaction>
				<rightaction>0</rightaction>
			</bottom>
			<bottomleft>
				<leftaction>0</leftaction>
				<rightaction>0</rightaction>
			</bottomleft>
			<bottomright>
				<leftaction>0</leftaction>
				<rightaction>0</rightaction>
			</bottomright>
			<cornersize>12</cornersize>
			<left>
				<leftaction>0</leftaction>
				<rightaction>0</rightaction>
			</left>
			<monitor>1</monitor>
			<right>
				<leftaction>0</leftaction>
				<rightaction>0</rightaction>
			</right>
			<top>
				<leftaction>0</leftaction>
				<rightaction>0</rightaction>
			</top>
			<topleft>
				<leftaction>0</leftaction>
				<rightaction>0</rightaction>
			</topleft>
			<topright>
				<leftaction>0</leftaction>
				<rightaction>0</rightaction>
			</topright>
		</sensors>
	</mouse>
	<note>
		<alarm>
			<notify>
				<autoclose>False</autoclose>
				<duration>10</duration>
				<sound></sound>
			</notify>
			<recenttime>2019/04/05 17:44:27</recenttime>
		</alarm>
		<defaultcolor>A0FFFFh</defaultcolor>
		<style>0</style>
		<visible>False</visible>
		<wordbreak>1</wordbreak>
	</note>
	<panel>
		<closemode>0</closemode>
		<hotkey>True</hotkey>
		<hotkeyclose>True</hotkeyclose>
		<hotkeycode>18</hotkeycode>
		<hotkeymodifier>4</hotkeymodifier>
		<pageindex>0</pageindex>
		<position>0</position>
		<showonstartup>True</showonstartup>
		<staticsize>False</staticsize>
		<title>Pocket Tools f&#xFC;r SHARP-PCs</title>
	</panel>
	<search>
		<allusersstartmenu>True</allusersstartmenu>
		<colorize>True</colorize>
		<colors>
			<allusersstartmenu>0080FFh</allusersstartmenu>
			<currentuserstartmenu>40A000h</currentuserstartmenu>
			<pstart>FF4040h</pstart>
		</colors>
		<currentuserstartmenu>True</currentuserstartmenu>
		<includemode>0</includemode>
		<pstart>True</pstart>
		<sort>1</sort>
	</search>
	<style>
		<additionaltextcolor>534632h</additionaltextcolor>
		<backgroundimage>PStart\PStart.jpg</backgroundimage>
		<captioncolor>000000h</captioncolor>
		<iconsize>0</iconsize>
		<iteminfomode>1</iteminfomode>
	</style>
	<tray>
		<doubleclick>1</doubleclick>
		<hotkey>True</hotkey>
		<hotkeycode>18</hotkeycode>
		<hotkeymodifier>4</hotkeymodifier>
		<hover>0</hover>
		<iconimage>5</iconimage>
		<iconvisibility>0</iconvisibility>
		<leftclick>2</leftclick>
	</tray>
	<window>
		<main>
			<position>
				<x>1092</x>
				<y>206</y>
			</position>
			<size>
				<x>405</x>
				<y>677</y>
			</size>
		</main>
	</window>
</start>
