<start>
	<files>
		<separator>
		</separator>
		<file name="&#xC9;diteur de code source PSPad">
			<path>&#x25;pdrive&#x25;\PortableApps\pspad\PSPad.exe</path>
			<directory>LISTINGS</directory>
			<description>PSPad source code editor</description>
			<runcount>5</runcount>
			<rundate>2019/04/19 23:07:36</rundate>
		</file>
		<file name="&#xC9;diteur de fichier hexad&#xE9;cimal">
			<path>&#x25;pdrive&#x25;\PortableApps\HEXEdit.exe</path>
			<directory>LISTINGS</directory>
			<description>Hexadecimal file editor</description>
			<runcount>3</runcount>
			<rundate>2019/04/19 23:07:53</rundate>
		</file>
		<file name="Programmes pour ordinateurs Sharp (code source BASIC, images)">
			<path>LISTINGS</path>
			<description>SHARP programs (Source code, images)</description>
			<runcount>11</runcount>
			<rundate>2019/04/19 23:07:45</rundate>
		</file>
		<files name="Convertir des fichiers texte ou binaires en fichiers wave">
			<icon>PStart\Mart-Glaze-Binary.ico</icon>
			<file name="Convertir le code source utf-8 BASIC en fichier wave">
				<path>Scripts.win\BasUwav.cmd</path>
				<parameters>?</parameters>
				<description>Convert utf-8 BASIC source code to a wave file</description>
			</file>
			<file name="Convertir un fichier binaire Sharp en fichier WAV pour CLOAD M">
				<path>Scripts.win\MC2Wav.cmd</path>
				<parameters>?</parameters>
				<description>Convert a SHARP binary to a WAVe file for CLOAD M</description>
				<runcount>4</runcount>
				<rundate>2019/04/19 23:07:57</rundate>
			</file>
		</files>
		<file name="Convertir la source Sharp BASic en fichier WAV pour CLOUD">
			<path>bas2wav.cmd</path>
			<parameters>?</parameters>
			<description>Convert SHARP BASic source to WAVe file for CLOAD</description>
			<icon>PStart\mmsys3.ico</icon>
			<runcount>11</runcount>
			<rundate>2019/04/19 23:07:49</rundate>
		</file>
		<separator>
		</separator>
		<file name="Param&#xE8;tres du syst&#xE8;me sonore">
			<path>&#x25;system&#x25;\mmsys.cpl</path>
			<description>Audio control pane</description>
			<icon>PStart\mmsys.ico</icon>
		</file>
		<file name="Audacity">
			<path>&#x25;windows&#x25;\..\Program Files (x86)\Audacity\audacity.exe</path>
			<parameters>Audacity.aup</parameters>
			<directory>WAV</directory>
			<description>Audacity</description>
			<runcount>24</runcount>
			<rundate>2019/04/19 23:08:01</rundate>
		</file>
		<file name="Fichiers WAV pour ordinateurs de poche Sharp">
			<path>WAV</path>
			<description>Wave files for Sharp Pocket Computers</description>
			<runcount>14</runcount>
			<rundate>2019/04/19 23:08:08</rundate>
		</file>
		<files name="Convertir des fichiers wav en fichiers texte ou binaires">
			<icon>PStart\Oxygen-Icons.org-Oxygen-Mimetypes-audio-x-wav.ico</icon>
			<file name="Convertir un fichier Wav en fichier BASIC avec des caract&#xE8;res Utf8">
				<path>Scripts.win\WavUbas.cmd</path>
				<parameters>?</parameters>
				<description>Convert Wave file to BASIC file with Utf8 characters</description>
			</file>
			<file name="Conversion d&#x27;un fichier wav de la s&#xE9;rie PC-E500 en fichier BASIC">
				<path>Scripts.win\WavEbas.cmd</path>
				<parameters>?</parameters>
				<description>Convert wave file from PC-E500 series to BASIC file</description>
			</file>
		</files>
		<file name="Convertir un fichier WAV de CSAVE en source Sharp BASIC">
			<path>wav2bas.cmd</path>
			<parameters>?</parameters>
			<description>Convert a WAV file from CSAVE to Sharp BASIC source</description>
			<icon>PStart\mmcndmgr_search.ico</icon>
			<runcount>23</runcount>
			<rundate>2019/04/19 23:08:12</rundate>
		</file>
		<separator>
		</separator>
		<file name="Autres scripts pour les conversions, aussi pour glisser-d&#xE9;poser">
			<path>Scripts.win</path>
			<description>Other scripts, also for drag and drop</description>
			<runcount>7</runcount>
			<rundate>2019/04/19 23:08:22</rundate>
		</file>
		<file name="Modifier les param&#xE8;tres de Pocket Tools">
			<path>&#x25;windows&#x25;\notepad.exe</path>
			<parameters>SHARPSET.BAT</parameters>
			<directory>.</directory>
			<description>Edit settings in SHARPSET</description>
			<runcount>24</runcount>
			<rundate>2019/04/19 23:08:33</rundate>
		</file>
		<file name="Console des Pocket Tools">
			<path>&#x25;system&#x25;\cmd.exe</path>
			<parameters>/T:70 /K PTCON</parameters>
			<directory>.</directory>
			<description>Pocket Tools Console</description>
			<runcount>25</runcount>
			<rundate>2019/09/09 23:38:46</rundate>
		</file>
		<file name="Aide des Pocket Tools (ReadMe)">
			<path>&#x25;system&#x25;\cmd.exe</path>
			<parameters> /T:F0 /K PHELP</parameters>
			<directory>.</directory>
			<description>Pocket Tools Help</description>
			<icon>PStart\Oxygen-Icons.org-Oxygen-Actions-help-about.ico</icon>
			<runcount>36</runcount>
			<rundate>2019/04/19 23:08:42</rundate>
		</file>
		<separator>
		</separator>
		<file name="Manuel (anglais)">
			<path>Manual\Pocket_Tools_Manual.pdf</path>
			<description>Manual (English)</description>
			<runcount>10</runcount>
			<rundate>2019/04/19 23:08:46</rundate>
		</file>
		<file name="Manuel (allemand)">
			<path>Manual\Pocket_Tools_Handbuch.pdf</path>
			<description>Handbuch (german)</description>
			<runcount>13</runcount>
			<rundate>2019/04/19 23:08:55</rundate>
		</file>
	</files>
	<notes>
	</notes>
	<colors>
		<color name="0">
			<value>A0A0FFh</value>
		</color>
		<color name="1">
			<value>A0C0FFh</value>
		</color>
		<color name="2">
			<value>A0FFFFh</value>
		</color>
		<color name="3">
			<value>A0FFA0h</value>
		</color>
		<color name="4">
			<value>FFA0A0h</value>
		</color>
	</colors>
	<configurationfile>
		<backupmode>pbmTemporary</backupmode>
	</configurationfile>
	<execution>
		<count>54</count>
		<overalltime>12:50:32.389</overalltime>
	</execution>
	<general>
		<executionaction>0</executionaction>
		<language>english</language>
		<singleclick>False</singleclick>
	</general>
	<history>
		<usernames>
		</usernames>
	</history>
	<info>
		<visible>False</visible>
	</info>
	<menu>
		<hotkeysvisible>True</hotkeysvisible>
	</menu>
	<mouse>
		<sensors>
			<bottom>
				<leftaction>0</leftaction>
				<rightaction>0</rightaction>
			</bottom>
			<bottomleft>
				<leftaction>0</leftaction>
				<rightaction>0</rightaction>
			</bottomleft>
			<bottomright>
				<leftaction>0</leftaction>
				<rightaction>0</rightaction>
			</bottomright>
			<cornersize>12</cornersize>
			<left>
				<leftaction>0</leftaction>
				<rightaction>0</rightaction>
			</left>
			<monitor>1</monitor>
			<right>
				<leftaction>0</leftaction>
				<rightaction>0</rightaction>
			</right>
			<top>
				<leftaction>0</leftaction>
				<rightaction>0</rightaction>
			</top>
			<topleft>
				<leftaction>0</leftaction>
				<rightaction>0</rightaction>
			</topleft>
			<topright>
				<leftaction>0</leftaction>
				<rightaction>0</rightaction>
			</topright>
		</sensors>
	</mouse>
	<note>
		<alarm>
			<notify>
				<autoclose>False</autoclose>
				<duration>10</duration>
				<sound></sound>
			</notify>
			<recenttime>2019/04/05 17:44:27</recenttime>
		</alarm>
		<defaultcolor>A0FFFFh</defaultcolor>
		<style>0</style>
		<visible>False</visible>
		<wordbreak>1</wordbreak>
	</note>
	<panel>
		<closemode>0</closemode>
		<hotkey>True</hotkey>
		<hotkeyclose>True</hotkeyclose>
		<hotkeycode>18</hotkeycode>
		<hotkeymodifier>4</hotkeymodifier>
		<pageindex>0</pageindex>
		<position>0</position>
		<showonstartup>True</showonstartup>
		<staticsize>False</staticsize>
		<title>Pocket Tools pour ordinateurs Sharp</title>
	</panel>
	<search>
		<allusersstartmenu>True</allusersstartmenu>
		<colorize>True</colorize>
		<colors>
			<allusersstartmenu>0080FFh</allusersstartmenu>
			<currentuserstartmenu>40A000h</currentuserstartmenu>
			<pstart>FF4040h</pstart>
		</colors>
		<currentuserstartmenu>True</currentuserstartmenu>
		<includemode>0</includemode>
		<pstart>True</pstart>
		<sort>1</sort>
	</search>
	<style>
		<additionaltextcolor>534632h</additionaltextcolor>
		<backgroundimage>PStart\PStart.jpg</backgroundimage>
		<captioncolor>000000h</captioncolor>
		<iconsize>0</iconsize>
		<iteminfomode>1</iteminfomode>
	</style>
	<tray>
		<doubleclick>1</doubleclick>
		<hotkey>True</hotkey>
		<hotkeycode>18</hotkeycode>
		<hotkeymodifier>4</hotkeymodifier>
		<hover>0</hover>
		<iconimage>5</iconimage>
		<iconvisibility>0</iconvisibility>
		<leftclick>2</leftclick>
	</tray>
	<window>
		<main>
			<position>
				<x>322</x>
				<y>158</y>
			</position>
			<size>
				<x>458</x>
				<y>684</y>
			</size>
		</main>
	</window>
</start>
